{
  "chi2_test": {
    "chi2": 2.1428571428571432,
    "p_value": 0.34251885509304564,
    "significant": 